수집시각,순위,제목,저자,출판사,링크,이미지URL,이전순위,순위변동
2026-10-04 20:31,1,가호,무라카미 하루키,문학동네,https://www.yes24.com/product/goods/197068949,https://image.yes24.com/goods/197068949/XL,1,-
2026-10-04 20:31,2,트렌드 코리아 2027,김난도 외,미래의창,https://www.yes24.com/product/goods/195842609,https://image.yes24.com/goods/195842609/XL,12,↑10
2026-10-04 20:31,3,한국사 이상현상 연구원,최인서,다이브,https://www.yes24.com/product/goods/195265894,https://image.yes24.com/goods/195265894/XL,7,↑4
2026-10-04 20:31,4,흔한남매 23,흔한남매 원저,미래엔아이세움,https://www.yes24.com/product/goods/196260891,https://image.yes24.com/goods/196260891/XL,11,↑7
2026-10-04 20:31,5,쇼펜하우어 인생수업 (30만 부 기념 개정증보판),아르투어 쇼펜하우어,하이스트,https://www.yes24.com/product/goods/125085536,https://image.yes24.com/goods/125085536/XL,,NEW
2026-10-04 20:31,6,세상이 그대를 속일지라도,김상욱,동아시아,https://www.yes24.com/product/goods/190424644,https://image.yes24.com/goods/190424644/XL,34,↑28
2026-10-04 20:31,7,모순,양귀자,쓰다,https://www.yes24.com/product/goods/8759796,https://image.yes24.com/goods/8759796/XL,5,↓2
2026-10-04 20:31,8,싯다르타,헤르만 헤세,민음사,https://www.yes24.com/product/goods/257435,https://image.yes24.com/goods/257435/XL,6,↓2
2026-10-04 20:31,9,머니 트렌드 2027,정태익 외,북모먼트,https://www.yes24.com/product/goods/195613503,https://image.yes24.com/goods/195613503/XL,13,↑4
2026-10-04 20:31,10,일 마키아벨리,니콜로 마키아벨리,떠오름,https://www.yes24.com/product/goods/193444436,https://image.yes24.com/goods/193444436/XL,33,↑23
2026-10-04 20:31,11,빵충 사육 준수 사항,김혜영,안전가옥,https://www.yes24.com/product/goods/193459475,https://image.yes24.com/goods/193459475/XL,85,↑74
2026-10-04 20:31,12,나의 첫 번째 부동산 교과서,송희구,서삼독,https://www.yes24.com/product/goods/190813759,https://image.yes24.com/goods/190813759/XL,,NEW
2026-10-04 20:31,13,니체의 초월자,프리드리히 니체,히읏,https://www.yes24.com/product/goods/161401496,https://image.yes24.com/goods/161401496/XL,43,↑30
2026-10-04 20:31,14,논리는 나의 힘,최훈,우리학교,https://www.yes24.com/product/goods/132183551,https://image.yes24.com/goods/132183551/XL,,NEW
2026-10-04 20:31,15,2027 유휘운 행정법총론 통합형 진도별 기출문제집(통합 진.출).,유휘운,지금(도서출판),https://www.yes24.com/product/goods/197289012,https://image.yes24.com/goods/197289012/XL,50,↑35
2026-10-04 20:31,16,눈 내리는 삼일포,김연수,문학동네,https://www.yes24.com/product/goods/196183375,https://image.yes24.com/goods/196183375/XL,,NEW
2026-10-04 20:31,17,리더는 언제 차이를 만들어내는가,재레드 다이아몬드,김영사,https://www.yes24.com/product/goods/195806999,https://image.yes24.com/goods/195806999/XL,,NEW
2026-10-04 20:31,18,녹색 절벽의 신자들,조예은,오리지널스,https://www.yes24.com/product/goods/195804454,https://image.yes24.com/goods/195804454/XL,68,↑50
2026-10-04 20:31,19,투명한 나선,히가시노 게이고,북다,https://www.yes24.com/product/goods/193807963,https://image.yes24.com/goods/193807963/XL,31,↑12
2026-10-04 20:31,20,휴대폰과 독화살,장준호,시월,https://www.yes24.com/product/goods/193580746,https://image.yes24.com/goods/193580746/XL,,NEW
2026-10-04 20:31,21,"세네카, 오늘을 빼앗기고 있는 당신에게",루키우스 안나이우스 세네카,논픽션,https://www.yes24.com/product/goods/192474512,https://image.yes24.com/goods/192474512/XL,15,↓6
2026-10-04 20:31,22,원소 원정대: 118개 캐릭터로 마스터하는 주기율표 공략집,아게도리도리,윌북주니어,https://www.yes24.com/product/goods/189630591,https://image.yes24.com/goods/189630591/XL,35,↑13
2026-10-04 20:31,23,단 한 번의 삶 (강물 에디션 활판인쇄 한정판),김영하,복복서가,https://www.yes24.com/product/goods/144021119,https://image.yes24.com/goods/144021119/XL,,NEW
2026-10-04 20:31,24,수족관,유래혁,포스터샵,https://www.yes24.com/product/goods/124235834,https://image.yes24.com/goods/124235834/XL,,NEW
2026-10-04 20:31,25,불가항력의 I LOVE YOU 9,호시노 미즈키,서울미디어코믹스(서울문화사),https://www.yes24.com/product/goods/197078591,https://image.yes24.com/goods/197078591/XL,20,↓5
2026-10-04 20:31,26,침투율의 법칙,이형수,지베르니,https://www.yes24.com/product/goods/196678732,https://image.yes24.com/goods/196678732/XL,,NEW
2026-10-04 20:31,27,타키 포오 코믹 어드벤처 12,캐릭온TV 원저,대원씨아이(단행)(대원키즈),https://www.yes24.com/product/goods/196551457,https://image.yes24.com/goods/196551457/XL,22,↓5
2026-10-04 20:31,28,내 인생이 왜 당신 마음에 들어야 합니까,김경일,퍼스트펭귄,https://www.yes24.com/product/goods/195899212,https://image.yes24.com/goods/195899212/XL,,NEW
2026-10-04 20:31,29,유선과 랄프,찰리 스미스,좋은생각,https://www.yes24.com/product/goods/195850050,https://image.yes24.com/goods/195850050/XL,,NEW
2026-10-04 20:31,30,시대예보: 수고인류의 시간,송길영,교보문고,https://www.yes24.com/product/goods/195804438,https://image.yes24.com/goods/195804438/XL,28,↓2
2026-10-04 20:31,31,서리꽃 세트,조정래,해냄,https://www.yes24.com/product/goods/195252787,https://image.yes24.com/goods/195252787/XL,,NEW
2026-10-04 20:31,32,한능검 한정판,문동균,공단기(에스티유니타스),https://www.yes24.com/product/goods/193164733,https://image.yes24.com/goods/193164733/XL,,NEW
2026-10-04 20:31,33,공부가 결국 너를 지켜줄 거야,임민찬,퍼스트펭귄,https://www.yes24.com/product/goods/192978800,https://image.yes24.com/goods/192978800/XL,87,↑54
2026-10-04 20:31,34,2027 공단기 심슨 문법,심우철,공단기(에스티유니타스),https://www.yes24.com/product/goods/192472049,https://image.yes24.com/goods/192472049/XL,,NEW
2026-10-04 20:31,35,테오,앨런 레비,오팬하우스,https://www.yes24.com/product/goods/192469071,https://image.yes24.com/goods/192469071/XL,91,↑56
2026-10-04 20:31,36,ETS 토익 기출보카(VOCA),ETS,YBM(와이비엠),https://www.yes24.com/product/goods/191857161,https://image.yes24.com/goods/191857161/XL,,NEW
2026-10-04 20:31,37,인생을 위한 최소한의 생각,신영준 외,상상스퀘어,https://www.yes24.com/product/goods/177044720,https://image.yes24.com/goods/177044720/XL,37,-
2026-10-04 20:31,38,돈의 심리학 (50만 부 기념 뉴 에디션),모건 하우절,인플루엔셜,https://www.yes24.com/product/goods/172574653,https://image.yes24.com/goods/172574653/XL,38,-
2026-10-04 20:31,39,절창 切創 (화이트 에디션),구병모,문학동네,https://www.yes24.com/product/goods/153497469,https://image.yes24.com/goods/153497469/XL,,NEW
2026-10-04 20:31,40,[예스리커버] 너를 아끼며 살아라 (10만 부 특별 한정판),나태주,더블북,https://www.yes24.com/product/goods/147276346,https://image.yes24.com/goods/147276346/XL,44,↑4
2026-10-04 20:31,41,"돈, 뜨겁게 사랑하고 차갑게 다루어라",앙드레 코스톨라니,미래의창,https://www.yes24.com/product/goods/122532297,https://image.yes24.com/goods/122532297/XL,,NEW
2026-10-04 20:31,42,맨발걷기가 나를 살렸다,박동창,국일미디어,https://www.yes24.com/product/goods/118811686,https://image.yes24.com/goods/118811686/XL,,NEW
2026-10-04 20:31,43,기분이 태도가 되지 말자 (30만 부 기념 최신 개정판),김수현,하이스트,https://www.yes24.com/product/goods/115633204,https://image.yes24.com/goods/115633204/XL,,NEW
2026-10-04 20:31,44,홍학의 자리,정해연,엘릭시르,https://www.yes24.com/product/goods/102791425,https://image.yes24.com/goods/102791425/XL,,NEW
2026-10-04 20:31,45,아주 작은 습관의 힘 (50만 부 기념 스페셜 에디션),제임스 클리어,비즈니스북스,https://www.yes24.com/product/goods/69655504,https://image.yes24.com/goods/69655504/XL,,NEW
2026-10-04 20:31,46,스토너,존 윌리엄스,알에이치코리아(RHK),https://www.yes24.com/product/goods/15718330,https://image.yes24.com/goods/15718330/XL,,NEW
2026-10-04 20:31,47,정의란 무엇인가,마이클 샌델,와이즈베리,https://www.yes24.com/product/goods/15156691,https://image.yes24.com/goods/15156691/XL,,NEW
2026-10-04 20:31,48,이솝 우화,이솝,비룡소,https://www.yes24.com/product/goods/11022143,https://image.yes24.com/goods/11022143/XL,,NEW
2026-10-04 20:31,49,보도 섀퍼의 돈,보도 섀퍼,에포케,https://www.yes24.com/product/goods/5141170,https://image.yes24.com/goods/5141170/XL,,NEW
2026-10-04 20:31,50,이방인,알베르 까뮈,민음사,https://www.yes24.com/product/goods/4827613,https://image.yes24.com/goods/4827613/XL,,NEW
2026-10-04 20:31,51,그리스인 조르바,니코스 카잔차키스,열린책들,https://www.yes24.com/product/goods/3647046,https://image.yes24.com/goods/3647046/XL,,NEW
2026-10-04 20:31,52,의매생활 13,미카와 고스트,디앤씨미디어(D&C미디어),https://www.yes24.com/product/goods/197314149,https://image.yes24.com/goods/197314149/XL,,NEW
2026-10-04 20:31,53,"개역개정 매일성경 (격월간) : 11,12월호 [2026]",성서유니온 편집부,성서유니온,https://www.yes24.com/product/goods/197291007,https://image.yes24.com/goods/197291007/XL,,NEW
2026-10-04 20:31,54,한글,영케이 외,민음사,https://www.yes24.com/product/goods/197213726,https://image.yes24.com/goods/197213726/XL,,NEW
2026-10-04 20:31,55,오백 년째 열다섯 0,김혜정,위즈덤하우스,https://www.yes24.com/product/goods/197054470,https://image.yes24.com/goods/197054470/XL,,NEW
2026-10-04 20:31,56,다크 심리학 : 유혹의 기술,박용남,어센딩,https://www.yes24.com/product/goods/196903334,https://image.yes24.com/goods/196903334/XL,,NEW
2026-10-04 20:31,57,포핸즈 대본집 세트,신이원,책깃,https://www.yes24.com/product/goods/196782406,https://image.yes24.com/goods/196782406/XL,,NEW
2026-10-04 20:31,58,우먼센스 A형 (여성월간) : 10월 [2026],우먼센스 편집부,일요신문사,https://www.yes24.com/product/goods/196715774,https://image.yes24.com/goods/196715774/XL,,NEW
2026-10-04 20:31,59,과학소년 (월간) : 10월 [2026],편집부,교원,https://www.yes24.com/product/goods/196554050,https://image.yes24.com/goods/196554050/XL,,NEW
2026-10-04 20:31,60,읽는 인간,오에 겐자부로,상상스퀘어,https://www.yes24.com/product/goods/196551294,https://image.yes24.com/goods/196551294/XL,23,↓37
2026-10-04 20:31,61,극락가 6 더블특전판,사노 유토,대원,https://www.yes24.com/product/goods/196550610,https://image.yes24.com/goods/196550610/XL,59,↓2
2026-10-04 20:31,62,운이 좋은 사람은 이렇게 합니다,박성준,페이지2북스,https://www.yes24.com/product/goods/196499741,https://image.yes24.com/goods/196499741/XL,,NEW
2026-10-04 20:31,63,생명의 삶 우리말성경 (월간) : 10월 [2026],두란노편집부,두란노,https://www.yes24.com/product/goods/196349115,https://image.yes24.com/goods/196349115/XL,,NEW
2026-10-04 20:31,64,너를 사랑하는 살인귀 2,아키야마 엔마,YNKMEDIA,https://www.yes24.com/product/goods/196346465,https://image.yes24.com/goods/196346465/XL,,NEW
2026-10-04 20:31,65,2026 시대에듀 공공조달관리사 실기 2주 합격 완성,윤계덕,시대고시기획 시대교육,https://www.yes24.com/product/goods/196263280,https://image.yes24.com/goods/196263280/XL,,NEW
2026-10-04 20:31,66,2027 고시넷 PAT 포스코 인적성검사 최신기출유형 모의고사,고시넷 인적성 연구소,고시넷,https://www.yes24.com/product/goods/196236831,https://image.yes24.com/goods/196236831/XL,,NEW
2026-10-04 20:31,67,날마다 솟는 샘물 (월간) : 10월 [2026],편집부,국제제자훈련원(DMI),https://www.yes24.com/product/goods/196110564,https://image.yes24.com/goods/196110564/XL,,NEW
2026-10-04 20:31,68,악마에 입문했습니다! 이루마 군 48,니시 오사무,서울미디어코믹스(서울문화사),https://www.yes24.com/product/goods/195861716,https://image.yes24.com/goods/195861716/XL,,NEW
2026-10-04 20:31,69,2027 선재국어 예상 기출서,이선재 외,수비니겨,https://www.yes24.com/product/goods/195615644,https://image.yes24.com/goods/195615644/XL,,NEW
2026-10-04 20:31,70,읽으면서 바로 써먹는 어린이 보물섬 1 : 사회 지리 편,한날,파란정원,https://www.yes24.com/product/goods/195599321,https://image.yes24.com/goods/195599321/XL,,NEW
2026-10-04 20:31,71,2026 하반기 시대에듀 HMAT 현대자동차그룹 온라인 적성검사 실전모의고사 6회분,SDC,시대고시기획 시대교육,https://www.yes24.com/product/goods/195435021,https://image.yes24.com/goods/195435021/XL,,NEW
2026-10-04 20:31,72,흔한남매 과학 탐험대 18 물질의 특성,흔한남매 원저,주니어김영사,https://www.yes24.com/product/goods/195428507,https://image.yes24.com/goods/195428507/XL,,NEW
2026-10-04 20:31,73,멜로우TV  팀 나빠 추리 탐정단 1,멜로우 TV 외,주니어김영사,https://www.yes24.com/product/goods/195427669,https://image.yes24.com/goods/195427669/XL,72,↓1
2026-10-04 20:31,74,부처 인생수업 : 2500년 동안 내려온 삶의 지혜,김지민,하이스트,https://www.yes24.com/product/goods/195408308,https://image.yes24.com/goods/195408308/XL,,NEW
2026-10-04 20:31,75,의사 어벤저스 28,고희정,가나출판사,https://www.yes24.com/product/goods/195389492,https://image.yes24.com/goods/195389492/XL,73,↓2
2026-10-04 20:31,76,고구마랑깨,사이다,반달(킨더랜드),https://www.yes24.com/product/goods/195385673,https://image.yes24.com/goods/195385673/XL,,NEW
2026-10-04 20:31,77,야마다 군과 Lv999의 사랑을 하다 8,마시로,디앤씨미디어(D&C미디어),https://www.yes24.com/product/goods/195273087,https://image.yes24.com/goods/195273087/XL,,NEW
2026-10-04 20:31,78,2027 공단기 심슨 구문 300제,심우철,공단기(에스티유니타스),https://www.yes24.com/product/goods/195236785,https://image.yes24.com/goods/195236785/XL,,NEW
2026-10-04 20:31,79,옥스브리지의 철학 수업,고요엘,상상스퀘어,https://www.yes24.com/product/goods/195225852,https://image.yes24.com/goods/195225852/XL,4,↓75
2026-10-04 20:31,80,그랬다고 적었다,김애란,문학동네,https://www.yes24.com/product/goods/195042981,https://image.yes24.com/goods/195042981/XL,77,↓3
2026-10-04 20:31,81,2027 선재국어 신유형 매일 국어 시즌 1,이선재 외,수비니겨,https://www.yes24.com/product/goods/194891647,https://image.yes24.com/goods/194891647/XL,,NEW
2026-10-04 20:31,82,클로드 코드 제대로 시작하기,주홍철 외,길벗,https://www.yes24.com/product/goods/194483933,https://image.yes24.com/goods/194483933/XL,,NEW
2026-10-04 20:31,83,흔한남매 이무기 4,흔한남매 원저,미래엔아이세움,https://www.yes24.com/product/goods/194197377,https://image.yes24.com/goods/194197377/XL,84,↑1
2026-10-04 20:31,84,문해내공,신종호 외,상상스퀘어,https://www.yes24.com/product/goods/194182112,https://image.yes24.com/goods/194182112/XL,30,↓54
2026-10-04 20:31,85,어떻게 살아낼 것인가,짐 콜린스,필름,https://www.yes24.com/product/goods/193453141,https://image.yes24.com/goods/193453141/XL,32,↓53
2026-10-04 20:31,86,독하게 돈 공부,박소연,메이븐,https://www.yes24.com/product/goods/193154549,https://image.yes24.com/goods/193154549/XL,,NEW
2026-10-04 20:31,87,주와 연 (한정판 레드 에디션),청예,래빗홀,https://www.yes24.com/product/goods/192879211,https://image.yes24.com/goods/192879211/XL,88,↑1
2026-10-04 20:31,88,흔한남매의 흔한 호기심 15,흔한남매 원저,미래엔아이세움,https://www.yes24.com/product/goods/192649321,https://image.yes24.com/goods/192649321/XL,,NEW
2026-10-04 20:31,89,달러구트 꿈 백화점 0,이미예,팩토리나인,https://www.yes24.com/product/goods/192468942,https://image.yes24.com/goods/192468942/XL,,NEW
2026-10-04 20:31,90,2027 선재국어 독해야 산다 1일 1독,이선재,수비니겨,https://www.yes24.com/product/goods/192119354,https://image.yes24.com/goods/192119354/XL,,NEW
2026-10-04 20:31,91,최소한의 세계사,이다지,프런트페이지,https://www.yes24.com/product/goods/189245464,https://image.yes24.com/goods/189245464/XL,,NEW
2026-10-04 20:31,92,내면 근력,짐 머피,윌북(willbook),https://www.yes24.com/product/goods/183809488,https://image.yes24.com/goods/183809488/XL,,NEW
2026-10-04 20:31,93,오디세이아,호메로스,돋을새김,https://www.yes24.com/product/goods/174981928,https://image.yes24.com/goods/174981928/XL,99,↑6
2026-10-04 20:31,94,돈의 방정식,모건 하우절,서삼독,https://www.yes24.com/product/goods/172506508,https://image.yes24.com/goods/172506508/XL,,NEW
2026-10-04 20:31,95,ETS 토익 정기시험 기출문제집 1000 Vol. 5 LC,ETS,YBM(와이비엠),https://www.yes24.com/product/goods/168776455,https://image.yes24.com/goods/168776455/XL,8,↓87
2026-10-04 20:31,96,ETS 토익 정기시험 기출문제집 1000 Vol. 5 RC,ETS,YBM(와이비엠),https://www.yes24.com/product/goods/168776448,https://image.yes24.com/goods/168776448/XL,3,↓93
2026-10-04 20:31,97,"2026 큰별쌤 최태성의 별별한국사 기출 500제 한국사능력검정시험 심화(1,2,3급)",최태성,이투스북,https://www.yes24.com/product/goods/168393009,https://image.yes24.com/goods/168393009/XL,40,↓57
2026-10-04 20:31,98,할매,황석영,창비,https://www.yes24.com/product/goods/168197301,https://image.yes24.com/goods/168197301/XL,,NEW
2026-10-04 20:31,99,사람은 무엇으로 사는가,레프 톨스토이,민음사,https://www.yes24.com/product/goods/164707039,https://image.yes24.com/goods/164707039/XL,,NEW
2026-10-04 20:31,100,대충 봐도 머리에 남는 어린이 축구 상식,한준희,블루무스어린이,https://www.yes24.com/product/goods/161522202,https://image.yes24.com/goods/161522202/XL,,NEW
